{"cameraMode":{"drawMode":0,"name":"Shaded","section":"Shading Mode"},"sceneLighting":false,"audioPlay":false,"sceneViewState":{"showFog":true,"showMaterialUpdate":false,"showSkybox":true,"showFlares":true,"showImageEffects":true,"showParticleSystems":true},"in2DMode":false,"pivot":{"x":99.08592987060547,"y":1.9389288425445557,"z":99.97256469726563},"rotation":{"x":-0.168772354722023,"y":-0.20445998013019563,"z":0.035813700407743457,"w":-0.9635503888130188},"size":22.0,"orthographic":true}